{"id":"c36a0000-e58b-11ea-b776-804971108762","name":"Case Management","key":"case-management","description":"","editorJson":{"models":[{"id":"c33d98c7-e58b-11ea-b776-804971108762","name":"Case Evaluation and Outcomes","version":2,"modelType":0,"description":"","stencilSetId":null,"createdBy":"flowable","lastUpdatedBy":"flowable","lastUpdated":"2020-08-23T22:03:33.730+0000"},{"id":"c35c1d4d-e58b-11ea-b776-804971108762","name":"Case Planning","version":1,"modelType":0,"description":"","stencilSetId":null,"createdBy":"flowable","lastUpdatedBy":"flowable","lastUpdated":"2020-08-23T21:58:22.872+0000"},{"id":"c34dc56a-e58b-11ea-b776-804971108762","name":"Case Monitoring","version":1,"modelType":0,"description":"","stencilSetId":null,"createdBy":"flowable","lastUpdatedBy":"flowable","lastUpdated":"2020-08-23T21:58:22.779+0000"},{"id":"c32c33a5-e58b-11ea-b776-804971108762","name":"Case Identification and Assessment","version":1,"modelType":0,"description":"","stencilSetId":null,"createdBy":"flowable","lastUpdatedBy":"flowable","lastUpdated":"2020-08-23T21:58:21.426+0000"}],"theme":"theme-1","icon":"glyphicon-ok"}}