{"id":"704e5843-9d8c-11f0-87ab-0242ac120009","name":"Case Management","key":"case-management","description":"","editorJson":{"models":[{"id":"22839cdd-9d8f-11f0-87ab-0242ac120009","name":"Plan Evaluation and Outcomes","version":1,"modelType":0,"description":"","stencilSetId":null,"createdBy":"flowable","lastUpdatedBy":"flowable","lastUpdated":"2025-09-29T23:52:55.594+0000"},{"id":"a4a6640b-9d8e-11f0-87ab-0242ac120009","name":"Plan Implementation","version":1,"modelType":0,"description":"","stencilSetId":null,"createdBy":"flowable","lastUpdatedBy":"flowable","lastUpdated":"2025-09-29T23:48:56.456+0000"},{"id":"0aba1809-9d8e-11f0-87ab-0242ac120009","name":"Plan Monitoring","version":1,"modelType":0,"description":"","stencilSetId":null,"createdBy":"flowable","lastUpdatedBy":"flowable","lastUpdated":"2025-09-29T23:45:25.229+0000"},{"id":"f3041b36-9d8c-11f0-87ab-0242ac120009","name":"Care Planning","version":1,"modelType":0,"description":"","stencilSetId":null,"createdBy":"flowable","lastUpdatedBy":"flowable","lastUpdated":"2025-09-29T23:39:06.927+0000"},{"id":"7007d95f-9d8c-11f0-87ab-0242ac120009","name":"Client Assessment","version":1,"modelType":0,"description":"","stencilSetId":null,"createdBy":"flowable","lastUpdatedBy":"flowable","lastUpdated":"2025-09-29T23:33:47.370+0000"},{"id":"70381121-9d8c-11f0-87ab-0242ac120009","name":"Client Identification and Eligibility Determination","version":1,"modelType":0,"description":"","stencilSetId":null,"createdBy":"flowable","lastUpdatedBy":"flowable","lastUpdated":"2025-09-29T23:32:47.905+0000"}],"theme":"theme-1","icon":"glyphicon-asterisk"}}