{"id":"860f3479-9f3d-11f0-860b-0242ac120006","name":"Case Management","key":"case-management","description":"","editorJson":{"models":[{"id":"85d64a1f-9f3d-11f0-860b-0242ac120006","name":"Plan Evaluation and Outcomes","version":1,"modelType":0,"description":"","stencilSetId":null,"createdBy":"flowable","lastUpdatedBy":"flowable","lastUpdated":"2025-10-02T03:11:43.536+0000"},{"id":"85c77d0d-9f3d-11f0-860b-0242ac120006","name":"Plan Implementation","version":1,"modelType":0,"description":"","stencilSetId":null,"createdBy":"flowable","lastUpdatedBy":"flowable","lastUpdated":"2025-10-02T03:11:42.865+0000"},{"id":"85fbd385-9f3d-11f0-860b-0242ac120006","name":"Plan Monitoring","version":1,"modelType":0,"description":"","stencilSetId":null,"createdBy":"flowable","lastUpdatedBy":"flowable","lastUpdated":"2025-10-02T03:11:43.799+0000"},{"id":"85f03ac3-9f3d-11f0-860b-0242ac120006","name":"Care Planning","version":1,"modelType":0,"description":"","stencilSetId":null,"createdBy":"flowable","lastUpdatedBy":"flowable","lastUpdated":"2025-10-02T03:11:43.722+0000"},{"id":"860410e7-9f3d-11f0-860b-0242ac120006","name":"Client Assessment","version":1,"modelType":0,"description":"","stencilSetId":null,"createdBy":"flowable","lastUpdatedBy":"flowable","lastUpdated":"2025-10-02T03:11:43.852+0000"},{"id":"85e5b371-9f3d-11f0-860b-0242ac120006","name":"Client Identification and Eligibility Determination","version":1,"modelType":0,"description":"","stencilSetId":null,"createdBy":"flowable","lastUpdatedBy":"flowable","lastUpdated":"2025-10-02T03:11:43.641+0000"}],"theme":"theme-1","icon":"glyphicon-asterisk"}}