{"id":"bda2449c-e2a9-11ea-a461-804971108762","name":"Administer Client Outcomes","key":"administer-client-outcomes-form","description":"The Administer Client Outcomes form.","editorJson":{"name":"Administer Client Outcomes","key":"administer-client-outcomes-form","version":0,"fields":[{"fieldType":"FormField","id":"outcomeName","name":"Outcome Name","type":"text","value":null,"required":true,"readOnly":false,"overrideId":true,"placeholder":null,"layout":null},{"fieldType":"FormField","id":"outcomeDesciption","name":"Outcome Desciption","type":"text","value":null,"required":true,"readOnly":false,"overrideId":true,"placeholder":null,"layout":null}],"outcomes":[]}}