{"id":"bda4b59d-e2a9-11ea-a461-804971108762","name":"Identify Client","key":"identify-client-form","description":"The client identification form.","editorJson":{"name":"Identify Client","key":"identify-client-form","version":0,"fields":[{"fieldType":"FormField","id":"givenName","name":"Given Name","type":"text","value":null,"required":true,"readOnly":false,"overrideId":true,"placeholder":null,"layout":null},{"fieldType":"FormField","id":"familyName","name":"Family Name","type":"text","value":null,"required":true,"readOnly":false,"overrideId":true,"placeholder":null,"layout":null}],"outcomes":[]}}