{"id":"c1ca80c2-e58b-11ea-b776-804971108762","name":"Administer Client Outcomes","key":"administer-client-outcomes-form","description":"The Administer Client Outcomes form.","editorJson":{"name":"Administer Client Outcomes","key":"administer-client-outcomes-form","version":0,"fields":[{"fieldType":"FormField","id":"outcomeName","name":"Outcome Name","type":"text","value":null,"required":true,"readOnly":false,"overrideId":true,"placeholder":null,"layout":null},{"fieldType":"FormField","id":"outcomeDescription","name":"Outcome Description","type":"text","value":null,"required":true,"readOnly":false,"overrideId":true,"placeholder":null,"layout":null}],"outcomes":[]}}