{"id":"c1cfd7f4-e58b-11ea-b776-804971108762","name":"Identify Client Goals","key":"identify-client-goals-form","description":"The Identify Client Goals form.","editorJson":{"name":"Identify Client Goals","key":"identify-client-goals-form","version":0,"fields":[{"fieldType":"FormField","id":"goalName","name":"Goal Name","type":"text","value":null,"required":true,"readOnly":false,"overrideId":true,"placeholder":null,"layout":null},{"fieldType":"FormField","id":"goalDescription","name":"Goal Description","type":"text","value":null,"required":true,"readOnly":false,"overrideId":true,"placeholder":null,"layout":null}],"outcomes":[]}}