{"id":"85588e9a-9f3d-11f0-860b-0242ac120006","name":"Goal","key":"goal-form","description":"","editorJson":{"name":"Goal","key":"goal-form","version":0,"fields":[{"fieldType":"FormField","id":"goalName","name":"Goal Name","type":"text","value":null,"required":true,"readOnly":false,"overrideId":true,"placeholder":null,"layout":null},{"fieldType":"FormField","id":"goalDescription","name":"Goal Description","type":"text","value":null,"required":true,"readOnly":false,"overrideId":true,"placeholder":null,"layout":null}],"outcomes":[]}}