{"id":"17781397-9d8d-11f0-87ab-0242ac120009","name":"Goal","key":"goal","description":"","editorJson":{"name":"Goal","key":"goal","version":0,"fields":[{"fieldType":"FormField","id":"goalName","name":"Goal Name","type":"text","value":null,"required":true,"readOnly":false,"overrideId":true,"placeholder":null,"layout":null},{"fieldType":"FormField","id":"goalDescription","name":"Goal Description","type":"text","value":null,"required":true,"readOnly":false,"overrideId":true,"placeholder":null,"layout":null}],"outcomes":[]}}