{"id":"85602fbc-9f3d-11f0-860b-0242ac120006","name":"Identify Client","key":"identify-client-form","description":"","editorJson":{"name":"Identify Client","key":"identify-client-form","version":0,"fields":[{"fieldType":"FormField","id":"givenName","name":"Given Name","type":"text","value":null,"required":true,"readOnly":false,"overrideId":true,"placeholder":null,"layout":null},{"fieldType":"FormField","id":"middleName","name":"Middle Name","type":"text","value":null,"required":false,"readOnly":false,"overrideId":true,"placeholder":null,"layout":null},{"fieldType":"FormField","id":"familyName","name":"Family Name","type":"text","value":null,"required":true,"readOnly":false,"overrideId":true,"placeholder":null,"layout":null},{"fieldType":"FormField","id":"dateOfBirth","name":"Date of Birth","type":"date","value":null,"required":true,"readOnly":false,"overrideId":true,"placeholder":null,"layout":null},{"fieldType":"FormField","id":"placeOfBirth","name":"Place of Birth","type":"text","value":null,"required":true,"readOnly":false,"overrideId":true,"placeholder":null,"layout":null},{"fieldType":"FormField","id":"countryOfBirth","name":"Country of Birth","type":"text","value":null,"required":true,"readOnly":false,"overrideId":true,"placeholder":"Australia","layout":null}],"outcomes":[]}}