{"id":"3ff17cbe-9d8f-11f0-87ab-0242ac120009","name":"Outcomes","key":"outcomes","description":"","editorJson":{"name":"Outcomes","key":"outcomes","version":0,"fields":[{"fieldType":"FormField","id":"outcomeName","name":"Outcome Name","type":"text","value":null,"required":true,"readOnly":false,"overrideId":true,"placeholder":null,"layout":null},{"fieldType":"FormField","id":"outcomeDescription","name":"Outcome Description","type":"text","value":null,"required":true,"readOnly":false,"overrideId":true,"placeholder":null,"layout":null}],"outcomes":[]}}