{"id":"855fba8b-9f3d-11f0-860b-0242ac120006","name":"Outcomes","key":"outcomes-form","description":"","editorJson":{"name":"Outcomes","key":"outcomes-form","version":0,"fields":[{"fieldType":"FormField","id":"outcomeName","name":"Outcome Name","type":"text","value":null,"required":true,"readOnly":false,"overrideId":true,"placeholder":null,"layout":null},{"fieldType":"FormField","id":"outcomeDescription","name":"Outcome Description","type":"text","value":null,"required":true,"readOnly":false,"overrideId":true,"placeholder":null,"layout":null}],"outcomes":[]}}