{"id":"1a67e862-9d7f-11f0-926e-0242ac120008","name":"Assessment","key":"assessment","description":"","editorJson":{"modelId":"1a67e862-9d7f-11f0-926e-0242ac120008","bounds":{"lowerRight":{"x":1200,"y":1050},"upperLeft":{"x":0,"y":0}},"properties":{"process_id":"assessment","name":"Assessment","documentation":"","process_author":"","process_version":"","process_namespace":"http://www.flowable.org/processdef","process_historylevel":"","isexecutable":true,"dataproperties":"","executionlisteners":"","eventlisteners":"","signaldefinitions":"","messagedefinitions":"","escalationdefinitions":"","process_potentialstarteruser":"","process_potentialstartergroup":"","iseagerexecutionfetch":"false"},"childShapes":[{"resourceId":"startEvent1","properties":{"overrideid":"","name":"","documentation":"","executionlisteners":"","initiator":"","formkeydefinition":"","formreference":"","formfieldvalidation":true,"formproperties":""},"stencil":{"id":"StartNoneEvent"},"childShapes":[],"outgoing":[{"resourceId":"sid-9D89EACF-7618-4092-B8F0-BBF60B3E30EF"}],"bounds":{"lowerRight":{"x":130,"y":193},"upperLeft":{"x":100,"y":163}},"dockers":[]},{"resourceId":"sid-91989D7C-B6A3-4523-85B3-BD7C0FB102EE","properties":{"overrideid":"","name":"Identify Client","documentation":"","asynchronousdefinition":"false","exclusivedefinition":"false","executionlisteners":"","multiinstance_type":"None","multiinstance_cardinality":"","multiinstance_collection":"","multiinstance_variable":"","multiinstance_condition":"","isforcompensation":"false","usertaskassignment":{"assignment":{"type":"idm","initiatorCanCompleteTask":true,"idm":{"type":"initiator"}}},"formkeydefinition":"","formreference":{"id":"db0049ce-9d7c-11f0-926e-0242ac120008","name":"Identify Client","key":"identify-client"},"formfieldvalidation":true,"duedatedefinition":"","prioritydefinition":"","formproperties":"","tasklisteners":"","skipexpression":"","categorydefinition":""},"stencil":{"id":"UserTask"},"childShapes":[],"outgoing":[{"resourceId":"sid-51DEB52E-EC1B-456A-96DA-2BD48E8E32FB"}],"bounds":{"lowerRight":{"x":275,"y":218},"upperLeft":{"x":175,"y":138}},"dockers":[]},{"resourceId":"sid-9D89EACF-7618-4092-B8F0-BBF60B3E30EF","properties":{"overrideid":"","name":"","documentation":"","conditionsequenceflow":"","executionlisteners":"","defaultflow":"false","skipexpression":""},"stencil":{"id":"SequenceFlow"},"childShapes":[],"outgoing":[{"resourceId":"sid-91989D7C-B6A3-4523-85B3-BD7C0FB102EE"}],"bounds":{"lowerRight":{"x":174.15625,"y":178},"upperLeft":{"x":130.609375,"y":178}},"dockers":[{"x":15,"y":15},{"x":50,"y":40}],"target":{"resourceId":"sid-91989D7C-B6A3-4523-85B3-BD7C0FB102EE"}},{"resourceId":"sid-17EB40D4-1B29-4B69-A755-2D3D7224756A","properties":{"overrideid":"","name":"","documentation":"","executionlisteners":""},"stencil":{"id":"EndNoneEvent"},"childShapes":[],"outgoing":[],"bounds":{"lowerRight":{"x":348,"y":192},"upperLeft":{"x":320,"y":164}},"dockers":[]},{"resourceId":"sid-51DEB52E-EC1B-456A-96DA-2BD48E8E32FB","properties":{"overrideid":"","name":"","documentation":"","conditionsequenceflow":"","executionlisteners":"","defaultflow":"false","skipexpression":""},"stencil":{"id":"SequenceFlow"},"childShapes":[],"outgoing":[{"resourceId":"sid-17EB40D4-1B29-4B69-A755-2D3D7224756A"}],"bounds":{"lowerRight":{"x":319.375,"y":178},"upperLeft":{"x":275.390625,"y":178}},"dockers":[{"x":50,"y":40},{"x":14,"y":14}],"target":{"resourceId":"sid-17EB40D4-1B29-4B69-A755-2D3D7224756A"}}],"stencil":{"id":"BPMNDiagram"},"stencilset":{"namespace":"http://b3mn.org/stencilset/bpmn2.0#","url":"../editor/stencilsets/bpmn2.0/bpmn2.0.json"}}}