{"id":"ac933d0c-e9be-11ea-ab76-804971108762","name":"Identify Client","key":"identify-client-form","description":"The client identification form.","editorJson":{"name":"Identify Client","key":"identify-client-form","version":0,"fields":[{"fieldType":"FormField","id":"givenName","name":"Given Name","type":"text","value":null,"required":true,"readOnly":false,"overrideId":true,"placeholder":null,"layout":null},{"fieldType":"FormField","id":"familyName","name":"Family Name","type":"text","value":null,"required":true,"readOnly":false,"overrideId":true,"placeholder":null,"layout":null}],"outcomes":[]}}