{"id":"f7dd57a0-e2a9-11ea-a461-804971108762","name":"Case Management","key":"case-management","description":"","editorJson":{"models":[{"id":"bdcd4c47-e2a9-11ea-a461-804971108762","name":"Case Planning","version":1,"modelType":0,"description":"","stencilSetId":null,"createdBy":"flowable","lastUpdatedBy":"flowable","lastUpdated":"2020-08-20T05:55:24.969+0000"},{"id":"bdc201a4-e2a9-11ea-a461-804971108762","name":"Case Monitoring","version":1,"modelType":0,"description":"","stencilSetId":null,"createdBy":"flowable","lastUpdatedBy":"flowable","lastUpdated":"2020-08-20T05:55:24.895+0000"},{"id":"bdb61ac1-e2a9-11ea-a461-804971108762","name":"Case Evaluation and Outcomes","version":1,"modelType":0,"description":"","stencilSetId":null,"createdBy":"flowable","lastUpdatedBy":"flowable","lastUpdated":"2020-08-20T05:55:24.815+0000"},{"id":"bdaa81ff-e2a9-11ea-a461-804971108762","name":"Case Identification and Assessment","version":1,"modelType":0,"description":"","stencilSetId":null,"createdBy":"flowable","lastUpdatedBy":"flowable","lastUpdated":"2020-08-20T05:55:24.737+0000"}],"theme":"theme-1","icon":"glyphicon-ok"}}