{"id":"a4a6640b-9d8e-11f0-87ab-0242ac120009","name":"Plan Implementation","key":"plan-implementation","description":"","editorJson":{"modelId":"a4a6640b-9d8e-11f0-87ab-0242ac120009","bounds":{"lowerRight":{"x":1200,"y":1050},"upperLeft":{"x":0,"y":0}},"properties":{"process_id":"plan-implementation","name":"Plan Implementation","documentation":"","process_author":"","process_version":"","process_namespace":"http://www.flowable.org/processdef","process_historylevel":"","isexecutable":true,"dataproperties":"","executionlisteners":"","eventlisteners":"","signaldefinitions":"","messagedefinitions":"","escalationdefinitions":"","process_potentialstarteruser":"","process_potentialstartergroup":"","iseagerexecutionfetch":"false"},"childShapes":[{"resourceId":"startEvent1","properties":{"overrideid":"","name":"","documentation":"","executionlisteners":"","initiator":"","formkeydefinition":"","formreference":"","formfieldvalidation":true,"formproperties":""},"stencil":{"id":"StartNoneEvent"},"childShapes":[],"outgoing":[{"resourceId":"sid-F5B1BFFE-F119-4ACD-B67D-23D576023B6E"}],"bounds":{"lowerRight":{"x":130,"y":193},"upperLeft":{"x":100,"y":163}},"dockers":[]},{"resourceId":"sid-3135A269-DA45-48BF-B35E-53D957D16B0F","properties":{"overrideid":"","name":"Goal Setting","documentation":"","asynchronousdefinition":"false","exclusivedefinition":"false","executionlisteners":"","multiinstance_type":"None","multiinstance_cardinality":"","multiinstance_collection":"","multiinstance_variable":"","multiinstance_condition":"","isforcompensation":"false","usertaskassignment":{"assignment":{"type":"idm","initiatorCanCompleteTask":true,"idm":{"type":"initiator"}}},"formkeydefinition":"","formreference":{"id":"17781397-9d8d-11f0-87ab-0242ac120009","name":"Goal","key":"goal"},"formfieldvalidation":true,"duedatedefinition":"","prioritydefinition":"","formproperties":"","tasklisteners":"","skipexpression":"","categorydefinition":""},"stencil":{"id":"UserTask"},"childShapes":[],"outgoing":[{"resourceId":"sid-D8B5B48E-665C-48FD-B650-E291126E8DC8"}],"bounds":{"lowerRight":{"x":275,"y":218},"upperLeft":{"x":175,"y":138}},"dockers":[]},{"resourceId":"sid-F5B1BFFE-F119-4ACD-B67D-23D576023B6E","properties":{"overrideid":"","name":"","documentation":"","conditionsequenceflow":"","executionlisteners":"","defaultflow":"false","skipexpression":""},"stencil":{"id":"SequenceFlow"},"childShapes":[],"outgoing":[{"resourceId":"sid-3135A269-DA45-48BF-B35E-53D957D16B0F"}],"bounds":{"lowerRight":{"x":174.15625,"y":178},"upperLeft":{"x":130.609375,"y":178}},"dockers":[{"x":15,"y":15},{"x":50,"y":40}],"target":{"resourceId":"sid-3135A269-DA45-48BF-B35E-53D957D16B0F"}},{"resourceId":"sid-4753AA84-8E30-41C0-8460-2298798A162A","properties":{"overrideid":"","name":"Goal Verification","documentation":"","asynchronousdefinition":"false","exclusivedefinition":"false","executionlisteners":"","multiinstance_type":"None","multiinstance_cardinality":"","multiinstance_collection":"","multiinstance_variable":"","multiinstance_condition":"","isforcompensation":"false","usertaskassignment":{"assignment":{"type":"idm","initiatorCanCompleteTask":true,"idm":{"type":"initiator"}}},"formkeydefinition":"","formreference":{"id":"17781397-9d8d-11f0-87ab-0242ac120009","name":"Goal","key":"goal"},"formfieldvalidation":true,"duedatedefinition":"","prioritydefinition":"","formproperties":"","tasklisteners":"","skipexpression":"","categorydefinition":""},"stencil":{"id":"UserTask"},"childShapes":[],"outgoing":[{"resourceId":"sid-F8EE67B1-5C94-4829-A229-B5F5637D8B95"}],"bounds":{"lowerRight":{"x":420,"y":218},"upperLeft":{"x":320,"y":138}},"dockers":[]},{"resourceId":"sid-D8B5B48E-665C-48FD-B650-E291126E8DC8","properties":{"overrideid":"","name":"","documentation":"","conditionsequenceflow":"","executionlisteners":"","defaultflow":"false","skipexpression":""},"stencil":{"id":"SequenceFlow"},"childShapes":[],"outgoing":[{"resourceId":"sid-4753AA84-8E30-41C0-8460-2298798A162A"}],"bounds":{"lowerRight":{"x":319.15625,"y":178},"upperLeft":{"x":275.84375,"y":178}},"dockers":[{"x":50,"y":40},{"x":50,"y":40}],"target":{"resourceId":"sid-4753AA84-8E30-41C0-8460-2298798A162A"}},{"resourceId":"sid-54621221-392B-494A-A284-CFE86E375876","properties":{"overrideid":"","name":"","documentation":"","executionlisteners":""},"stencil":{"id":"EndNoneEvent"},"childShapes":[],"outgoing":[],"bounds":{"lowerRight":{"x":493,"y":192},"upperLeft":{"x":465,"y":164}},"dockers":[]},{"resourceId":"sid-F8EE67B1-5C94-4829-A229-B5F5637D8B95","properties":{"overrideid":"","name":"","documentation":"","conditionsequenceflow":"","executionlisteners":"","defaultflow":"false","skipexpression":""},"stencil":{"id":"SequenceFlow"},"childShapes":[],"outgoing":[{"resourceId":"sid-54621221-392B-494A-A284-CFE86E375876"}],"bounds":{"lowerRight":{"x":464.375,"y":178},"upperLeft":{"x":420.390625,"y":178}},"dockers":[{"x":50,"y":40},{"x":14,"y":14}],"target":{"resourceId":"sid-54621221-392B-494A-A284-CFE86E375876"}}],"stencil":{"id":"BPMNDiagram"},"stencilset":{"namespace":"http://b3mn.org/stencilset/bpmn2.0#","url":"../editor/stencilsets/bpmn2.0/bpmn2.0.json"}}}