{"id":"db0049ce-9d7c-11f0-926e-0242ac120008","name":"Identify Client","key":"identify-client","description":"","editorJson":{"name":"Identify Client","key":"identify-client","version":0,"fields":[{"fieldType":"FormField","id":"givenName","name":"Given Name","type":"text","value":null,"required":true,"readOnly":false,"overrideId":true,"placeholder":null,"layout":null},{"fieldType":"FormField","id":"middleName","name":"Middle Name","type":"text","value":null,"required":false,"readOnly":false,"overrideId":true,"placeholder":null,"layout":null},{"fieldType":"FormField","id":"familyName","name":"Family Name","type":"text","value":null,"required":true,"readOnly":false,"overrideId":true,"placeholder":null,"layout":null},{"fieldType":"FormField","id":"dateOfBirth","name":"Date of Birth","type":"date","value":null,"required":true,"readOnly":false,"overrideId":true,"placeholder":null,"layout":null},{"fieldType":"FormField","id":"placeOfBirth","name":"Place of Birth","type":"text","value":null,"required":true,"readOnly":false,"overrideId":true,"placeholder":null,"layout":null},{"fieldType":"FormField","id":"countryOfBirth","name":"Country of Birth","type":"text","value":null,"required":true,"readOnly":false,"overrideId":true,"placeholder":"Australia","layout":null}],"outcomes":[]}}