{"id":"39147f40-9d7e-11f0-926e-0242ac120008","name":"Case Management","key":"case-management","description":"","editorJson":{"models":[{"id":"1a67e862-9d7f-11f0-926e-0242ac120008","name":"Assessment","version":1,"modelType":0,"description":"","stencilSetId":null,"createdBy":"flowable","lastUpdatedBy":"flowable","lastUpdated":"2025-09-29T21:57:59.088+0000"},{"id":"ccc276ed-9d7b-11f0-926e-0242ac120008","name":"Identification and Eligibility Determination","version":1,"modelType":0,"description":"","stencilSetId":null,"createdBy":"flowable","lastUpdatedBy":"flowable","lastUpdated":"2025-09-29T21:48:53.856+0000"}],"theme":"theme-1","icon":"glyphicon-asterisk"}}