{"id":"ae20bae9-e9be-11ea-ab76-804971108762","name":"Case Management","key":"case-management","description":"","editorJson":{"models":[{"id":"adf69da0-e9be-11ea-ab76-804971108762","name":"Case Evaluation and Outcomes","version":1,"modelType":0,"description":"","stencilSetId":null,"createdBy":"flowable","lastUpdatedBy":"flowable","lastUpdated":"2020-08-29T06:12:55.958+0000"},{"id":"ae134d66-e9be-11ea-ab76-804971108762","name":"Case Planning","version":1,"modelType":0,"description":"","stencilSetId":null,"createdBy":"flowable","lastUpdatedBy":"flowable","lastUpdated":"2020-08-29T06:12:56.147+0000"},{"id":"ae0591c3-e9be-11ea-ab76-804971108762","name":"Case Monitoring","version":1,"modelType":0,"description":"","stencilSetId":null,"createdBy":"flowable","lastUpdatedBy":"flowable","lastUpdated":"2020-08-29T06:12:56.059+0000"},{"id":"ade622de-e9be-11ea-ab76-804971108762","name":"Case Identification and Assessment","version":1,"modelType":0,"description":"","stencilSetId":null,"createdBy":"flowable","lastUpdatedBy":"flowable","lastUpdated":"2020-08-29T06:12:54.750+0000"}],"theme":"theme-1","icon":"glyphicon-ok"}}