{"id":"cc0195e3-067f-11e9-bcdd-0242ac110002","name":"Leave Application Form","key":"leave-application-form","description":"The form to complete if you want to take some time off.","editorJson":{"name":"Leave Application Form","key":"leave-application-form","version":0,"fields":[{"fieldType":"FormField","id":"givenName","name":"Given Name","type":"text","value":null,"required":true,"readOnly":false,"overrideId":true,"placeholder":"","layout":null},{"fieldType":"FormField","id":"familyName","name":"Family Name","type":"text","value":null,"required":true,"readOnly":false,"overrideId":true,"placeholder":null,"layout":null},{"fieldType":"FormField","id":"employeeNumber","name":"Employee Number","type":"integer","value":null,"required":true,"readOnly":false,"overrideId":true,"placeholder":null,"layout":null},{"fieldType":"FormField","id":"fromDate","name":"From Date","type":"date","value":null,"required":true,"readOnly":false,"overrideId":true,"placeholder":null,"layout":null},{"fieldType":"FormField","id":"toDate","name":"To Date","type":"date","value":null,"required":true,"readOnly":false,"overrideId":true,"placeholder":null,"layout":null}],"outcomes":[]}}