{"id":"3dfe1f52-0677-11e9-bcdd-0242ac110002","name":"Leave Application Process","key":"leave-application-process","description":"An employee wants to take some time off.","editorJson":{"modelId":"3dfe1f52-0677-11e9-bcdd-0242ac110002","bounds":{"lowerRight":{"x":1100,"y":1050},"upperLeft":{"x":0,"y":0}},"properties":{"process_id":"leave-application-process","name":"Leave Application Process","documentation":"An employee wants to take some time off.","process_author":"","process_version":"","process_namespace":"http://www.flowable.org/processdef","process_historylevel":"","isexecutable":true,"dataproperties":"","executionlisteners":"","eventlisteners":"","signaldefinitions":"","messagedefinitions":"","process_potentialstarteruser":"","process_potentialstartergroup":"","iseagerexecutionfetch":"false"},"childShapes":[{"resourceId":"startEvent1","properties":{"overrideid":"","name":"","documentation":"","executionlisteners":"","initiator":"","formkeydefinition":"","formreference":"","formproperties":""},"stencil":{"id":"StartNoneEvent"},"childShapes":[],"outgoing":[{"resourceId":"sid-B6C92A83-EFEE-4148-9D69-56D0D774A95A"}],"bounds":{"lowerRight":{"x":130,"y":193},"upperLeft":{"x":100,"y":163}},"dockers":[]},{"resourceId":"sid-3BA1F4D1-500F-4766-89BF-519166929F2D","properties":{"overrideid":"","name":"Fill in a Leave Application Form","documentation":"","asynchronousdefinition":"false","exclusivedefinition":"false","executionlisteners":"","multiinstance_type":"None","multiinstance_cardinality":"","multiinstance_collection":"","multiinstance_variable":"","multiinstance_condition":"","isforcompensation":"false","usertaskassignment":{"assignment":{"type":"idm","initiatorCanCompleteTask":true,"idm":{"type":"initiator"}}},"formkeydefinition":"","formreference":{"id":"cc0195e3-067f-11e9-bcdd-0242ac110002","name":"Leave Application Form","key":"leave-application-form"},"duedatedefinition":"","prioritydefinition":"","formproperties":"","tasklisteners":"","skipexpression":"","categorydefinition":""},"stencil":{"id":"UserTask"},"childShapes":[],"outgoing":[{"resourceId":"sid-F3685122-5348-45B8-A23C-C779264F20F1"}],"bounds":{"lowerRight":{"x":302,"y":214.5},"upperLeft":{"x":180,"y":141.5}},"dockers":[]},{"resourceId":"sid-B6C92A83-EFEE-4148-9D69-56D0D774A95A","properties":{"overrideid":"","name":"","documentation":"","conditionsequenceflow":"","executionlisteners":"","defaultflow":"false","skipexpression":""},"stencil":{"id":"SequenceFlow"},"childShapes":[],"outgoing":[{"resourceId":"sid-3BA1F4D1-500F-4766-89BF-519166929F2D"}],"bounds":{"lowerRight":{"x":179.953125,"y":178},"upperLeft":{"x":130.765625,"y":178}},"dockers":[{"x":15,"y":15},{"x":61,"y":36.5}],"target":{"resourceId":"sid-3BA1F4D1-500F-4766-89BF-519166929F2D"}},{"resourceId":"sid-8E55FDB1-E283-42B5-BE6E-6DE8CC1C018E","properties":{"overrideid":"","name":"","documentation":"","executionlisteners":""},"stencil":{"id":"EndNoneEvent"},"childShapes":[],"outgoing":[],"bounds":{"lowerRight":{"x":375,"y":192},"upperLeft":{"x":347,"y":164}},"dockers":[]},{"resourceId":"sid-F3685122-5348-45B8-A23C-C779264F20F1","properties":{"overrideid":"","name":"","documentation":"","conditionsequenceflow":"","executionlisteners":"","defaultflow":"false","skipexpression":""},"stencil":{"id":"SequenceFlow"},"childShapes":[],"outgoing":[{"resourceId":"sid-8E55FDB1-E283-42B5-BE6E-6DE8CC1C018E"}],"bounds":{"lowerRight":{"x":346.875,"y":178},"upperLeft":{"x":302.9375,"y":178}},"dockers":[{"x":61,"y":36.5},{"x":14,"y":14}],"target":{"resourceId":"sid-8E55FDB1-E283-42B5-BE6E-6DE8CC1C018E"}}],"stencil":{"id":"BPMNDiagram"},"stencilset":{"namespace":"http://b3mn.org/stencilset/bpmn2.0#","url":"../editor/stencilsets/bpmn2.0/bpmn2.0.json"}}}