{"id":"b6b8a46b-e979-11ea-87ab-804971108762","name":"Case Management","key":"case-management","description":"","editorJson":{"models":[{"id":"b68eae32-e979-11ea-87ab-804971108762","name":"Case Evaluation and Outcomes","version":2,"modelType":0,"description":"","stencilSetId":null,"createdBy":"flowable","lastUpdatedBy":"flowable","lastUpdated":"2020-08-28T22:07:31.284+0000"},{"id":"b6aa9aa8-e979-11ea-87ab-804971108762","name":"Case Planning","version":1,"modelType":0,"description":"","stencilSetId":null,"createdBy":"flowable","lastUpdatedBy":"flowable","lastUpdated":"2020-08-28T21:59:15.288+0000"},{"id":"b69d2d25-e979-11ea-87ab-804971108762","name":"Case Monitoring","version":1,"modelType":0,"description":"","stencilSetId":null,"createdBy":"flowable","lastUpdatedBy":"flowable","lastUpdated":"2020-08-28T21:59:15.202+0000"},{"id":"b67e3370-e979-11ea-87ab-804971108762","name":"Case Identification and Assessment","version":1,"modelType":0,"description":"","stencilSetId":null,"createdBy":"flowable","lastUpdatedBy":"flowable","lastUpdated":"2020-08-28T21:59:13.910+0000"}],"theme":"theme-1","icon":"glyphicon-ok"}}